name,latitude,longitude
Sheth Gokuldas Tejpal Sanskrit Pathshal,18.9625625,72.8088125
The Institution of Engineers,18.9790738,72.8150683
Mahalaxmi Station,18.9829104,72.8252205
"Rajarshi Shahu Sr. College Of Arts, Commerce And Science (CS & IT)",19.0452673,72.8662777
Aryan Junior college,19.0452656,72.8662933
UBS- Executive MBA,19.0455819,72.8659724
Anjuman Islam College,18.9618884,72.8258479
Chaudhari Communication,18.9620625,72.8253125
Anjuman-I-Islam's Akbar Peerbhoy College of Commerce & Economics,18.9622006,72.8260334
College Of Physicians & Surgeons Of Mumbai,18.9991424,72.8395481
Mahatma Phule College,19.0053542,72.8473575
SIES College of Commerce and Economics,19.0434069,72.866763
"B.G.P.S.' Mumbai College of Arts, Commerce & Science",19.0123804,72.8604813
J.K. College of Art Design | G.D. Art,19.012707,72.8611378
B.M. Ruia Girls' College,18.9596392,72.8103783
NAGRIK SHIKSHAN SANSTHA'S COLLEGE OF COMMERCE & ECONOMICS,18.9735244,72.8126822
N.s.s. College Of Pharmacy,18.9733788,72.8141363
Soham Classes - Best Science Class,19.0154375,72.8440625
GURU NANAK VIDYAK SOCIETY'S LAW COLLEGE,19.0353125,72.8645625
K. P. B. Hinduja College of Commerce,18.9529887,72.8185241
Premier Junior College of Commerce & Arts,19.021663,72.8385547
Pioneer Education Trust's Pioneer Junior College of Science,19.0237315,72.8390624
DSIFD MUMBAI,19.0138125,72.8426875
Navhind Jr College,19.0121444,72.8427186
Bhavani Shankar Road Junior College of Science,19.0170015,72.8329136
Montfort Junior College,19.0169174,72.8316102
Apex Chamber House,18.9334246,72.8329974
XTECHSOUND,19.0446762,72.8412699
Pace Junior Science College Dadar,19.0165625,72.8369375
"SIES College Of Arts, Science & Commerce (Autonomous)",19.0412952,72.8611248
Davar's College of Commerce,18.9318099,72.831868
"New Law College, Mumbai.",19.0280954,72.844566
"NKES Junior College of Arts, Science and Commerce",19.0219375,72.8591875
"NKES DEGREE COLLEGE OF ARTS, COMMERCE AND SCIENCE",19.0218125,72.8591875
sprintcart,19.0157894,72.824232
TRICKSHOT TURF dharavi sion,19.0513553,72.8630652
SNDT Women's University,19.0286052,72.8599215
MMP Shah College,19.028522,72.8597921
Dr. BMN College of Home Science,19.0285126,72.8598012
"Dr. T. K. Tope Arts & Commerce Night Senior College, Parel, Mumbai-12.",19.0040886,72.8402366
R. M. Bhatt college,19.0039157,72.840246
The Milind Night High School And Junior College,19.0031979,72.8406481
"Shree Dayanand Balak, Balika Vidyalay & Junior College",19.0269712,72.8518048
IHM Mumbai,19.023646,72.835865
"Dr. Babasaheb Ambedkar College of Arts, Commerce and Law",19.0149975,72.8526377
Dr.Ambedkar College of Commerce & Economics,19.014831,72.8528935
Parshwa Lotus,18.9879667,72.8360696
SHREE VELJI LAKHAMSHI NAPOO HIGH SCHOOL AND JUNIOR COLLEGE OF COMMERCE,18.986913,72.8354371
Computer Engineering & Information Technology Dept. VJTI.,19.0220955,72.8558224
Shree Ganesh Coaching Classes,18.9885625,72.8418125
Umbra Chitrakala Mahavidyalaya,18.9811875,72.8258125
"Vision Classes- NEET|JEE-MAIN|MHT-CET|SSC|11th,12th Science|HSC|Dharavi|Sion|Mahim|Bandra|Mumbai",19.0440625,72.8578125
Aim classes,18.994911,72.8336286
ABA College of Law,19.0169082,72.8344656
N R Swamy College of Commerce and Economics,19.0208542,72.8592114
Smt Thirumalai College of Science,19.0208528,72.8592237
Sir Elly Kadoorie School and Junior College,18.9663967,72.8392489
College Of Applied Art And Craft,19.0115625,72.8306875
Sydenham College of Commerce & Economics,18.9351269,72.8259032
Jai Hind College,18.9345107,72.8252105
St. Xavier's College (Autonomous),18.9425625,72.8315625
SHAH'S CLASSES TM,19.0000625,72.8440625
Lokmanya Tilak Municipal Medical College : Trinity,19.036956,72.8579562
AESâ??s Vanita Vinayalaya D. T. ED College,18.9559574,72.8173583
sawami vivekanand liberary bhadwasiya jodhpur,19.0455362,72.8388123
Burhani College,18.970124,72.835062
Tulip International,19.0205015,72.8315385
Jai Hind College,19.0128878,72.8366378
Sophia College (AUTONOMOUS),18.9695131,72.8076379
"SCMSophia, Social Communications Media, Sophia polytechnic",18.9709253,72.8066879
"Siddharth College of Arts, Science and Commerce",18.9362016,72.8321759
IE University - India & South Asia Office,18.9718125,72.8090625
Raje Shivaji Vidyalay and Manohar Joshi College,19.0508879,72.8620907
Dadar Vidya Mandir Junior College,19.0284165,72.8418033
Ruia College,19.0242798,72.8500726
R A Podar College Of Commerce & Economics,19.0246952,72.8502031
Lala Lajpat Rai College of Commerce and Economics,18.9811596,72.8143693
Zarapkar College,19.0222778,72.8440398
Grant Medical College Students Association Gymkhana,18.9480638,72.8214131
Maharashtra Mahavidyalaya / Alexandra Cinema,18.967865,72.825916
Maharashtra College of Arts Science and Commerce,18.9678784,72.8267364
Grant Medical college Academic section,18.9647673,72.8350083
The Byramjee Jeejeebhoy College of Commerce,18.9514891,72.8195191
M.H Saboo Siddik Polytechnic,18.9679375,72.8314375
ANJUMAN E-ISLAM SABOOSIDDIK JUNIOR COLLEGE,18.9684375,72.8313125
M.H. Saboo Siddik College of Engineering,18.9684057,72.8308445
M.H.Saboo Siddik Technical High School and Junior College,18.9679375,72.8314375
G.D. Ambekar Pratishthan College of Management and Technology,19.0038799,72.8465365
STAR COUNSELING GUIDANCE &ADMISSION CENTRE,18.9734698,72.8277798
K.C. Mahavidyalaya,18.927795,72.828079
K.C. Mahavidyalaya,18.927955,72.828226
"HABIB COLLEGE, KESAR BAUG HALL",18.9576431,72.8370967
"Topiwala National Medical College, Mumbai",18.9742135,72.8226341
Indian College of Obstetricians & Gynaecologists,19.0039074,72.8274752
Mayflower,19.0202348,72.8569887
VJTI MCA Department,19.0218718,72.8558116
SETH GS MEDICAL COLLEGE GYMKHANA GROUND,19.0128815,72.845493
Axel,19.0171429,72.8497899
KC College,18.9296719,72.8272226
K. C College,18.9297714,72.8271616
H.R. College of Commerce and Economics,18.9298237,72.8269167
Wilson College,18.9563319,72.810826
VJTI Mechanical And Production Engineering Dept.,19.0237924,72.8568676
"Government Law College, Mumbai",18.9342584,72.8269272
College of Social Work Nirmala Niketan,18.9362551,72.8284342
"College of Home Science, Nirmala Niketan",18.9367151,72.8288959
Nirmala Niketan College of Polytechnic,18.936652,72.8288656
Ruparel College Back Gate,19.0257912,72.8441894
Ruparel College IT Building,19.0259375,72.8444375
"Kirti M. Doongursee College of Arts, Science and Commerce",19.0208503,72.8311362
Multidisciplinary Research Unit Seth GS medical college,19.000375,72.8422088
Seth GS Medical College Gymkhana,19.0024531,72.8422882
"Navneet College of Arts, Science & Commerce",18.9688125,72.8190625
Bhavans College,18.9573884,72.8089566
Principal K. M. Kundnani College of Pharmacy,18.9160689,72.8241245
"M D College of Arts, Science and Commerce",18.9985341,72.8409755
K. J. Somaiya Medical College & Research Centre,19.0470782,72.8748037
Dilkap Schools & Colleges - Head Office,18.916904,72.8172761